<valueSet valueTable="Drugs" entityType="Drug" entityIdentifier="02350076">
  <variableValue variable="PRODUCT_CATEGORIZATION">
    <value valueType="text">CAT IV - SUNBURN PROTECTANTS</value>
  </variableValue>
  <variableValue variable="CLASS">
    <value valueType="text">Human</value>
  </variableValue>
  <variableValue variable="DRUG_IDENTIFICATION_NUMBER">
    <value valueType="text">02350076</value>
  </variableValue>
  <variableValue variable="BRAND_NAME">
    <value valueType="text">TRUTH REVEALED SUPER CREME WITH SPF 15</value>
  </variableValue>
  <variableValue variable="PEDIATRIC_FLAG">
    <value valueType="text">N</value>
  </variableValue>
  <variableValue variable="NUMBER_OF_AIS">
    <value valueType="text">4</value>
  </variableValue>
  <variableValue variable="LAST_UPDATE_DATE">
    <value valueType="date">2012-12-18</value>
  </variableValue>
  <variableValue variable="AI_GROUP_NO">
    <value valueType="text">0439065010</value>
  </variableValue>
  <variableValue variable="ACTIVE_INGREDIENT_CODE">
    <value class="sequence" valueType="text" size="4">
      <value valueType="text" order="0">755</value>
      <value valueType="text" order="1">2280</value>
      <value valueType="text" order="2">33</value>
      <value valueType="text" order="3">12049</value>
    </value>
  </variableValue>
  <variableValue variable="INGREDIENT">
    <value class="sequence" valueType="text" size="4">
      <value valueType="text" order="0">AVOBENZONE</value>
      <value valueType="text" order="1">OCTOCRYLENE</value>
      <value valueType="text" order="2">OXYBENZONE</value>
      <value valueType="text" order="3">OCTINOXATE</value>
    </value>
  </variableValue>
  <variableValue variable="INGREDIENT_SUPPLIED_IND">
    <value class="sequence" valueType="text" size="4">
      <value valueType="text" order="0">I</value>
      <value valueType="text" order="1">I</value>
      <value valueType="text" order="2">I</value>
      <value valueType="text" order="3">I</value>
    </value>
  </variableValue>
  <variableValue variable="STRENGTH">
    <value class="sequence" valueType="text" size="4">
      <value valueType="text" order="0">2.0</value>
      <value valueType="text" order="1">1.86</value>
      <value valueType="text" order="2">2.0</value>
      <value valueType="text" order="3">7.50</value>
    </value>
  </variableValue>
  <variableValue variable="STRENGTH_UNIT">
    <value class="sequence" valueType="text" size="4">
      <value valueType="text" order="0">%</value>
      <value valueType="text" order="1">%</value>
      <value valueType="text" order="2">%</value>
      <value valueType="text" order="3">%</value>
    </value>
  </variableValue>
  <variableValue variable="STRENGTH_TYPE">
    <value class="sequence" valueType="text" size="0"/>
  </variableValue>
  <variableValue variable="DOSAGE_VALUE">
    <value class="sequence" valueType="text" size="0"/>
  </variableValue>
  <variableValue variable="BASE">
    <value class="sequence" valueType="text" size="4">
      <value valueType="text" order="0">N</value>
      <value valueType="text" order="1">N</value>
      <value valueType="text" order="2">N</value>
      <value valueType="text" order="3">N</value>
    </value>
  </variableValue>
  <variableValue variable="DOSAGE_UNIT">
    <value class="sequence" valueType="text" size="4">
      <value valueType="text" order="0">W/W</value>
      <value valueType="text" order="1">W/W</value>
      <value valueType="text" order="2">W/W</value>
      <value valueType="text" order="3">W/W</value>
    </value>
  </variableValue>
  <variableValue variable="NOTES">
    <value class="sequence" valueType="text" size="0"/>
  </variableValue>
  <variableValue variable="COMPANY_CODE">
    <value valueType="text">14365</value>
  </variableValue>
  <variableValue variable="COMPANY_NAME">
    <value valueType="text">OLEHENRIKSEN</value>
  </variableValue>
  <variableValue variable="COMPANY_TYPE">
    <value valueType="text">DIN OWNER</value>
  </variableValue>
  <variableValue variable="ADDRESS_MAILING_FLAG">
    <value valueType="text">Y</value>
  </variableValue>
  <variableValue variable="ADDRESS_BILLING_FLAG">
    <value valueType="text">N</value>
  </variableValue>
  <variableValue variable="ADDRESS_NOTIFICATION_FLAG">
    <value valueType="text">Y</value>
  </variableValue>
  <variableValue variable="STREET_NAME">
    <value valueType="text">16665 ARMINTA STREET</value>
  </variableValue>
  <variableValue variable="CITY_NAME">
    <value valueType="text">VAN NUYS</value>
  </variableValue>
  <variableValue variable="PROVINCE">
    <value valueType="text">CALIFORNIA</value>
  </variableValue>
  <variableValue variable="COUNTRY">
    <value valueType="text">USA</value>
  </variableValue>
  <variableValue variable="POSTAL_CODE">
    <value valueType="text">91406</value>
  </variableValue>
  <variableValue variable="PHARM_FORM_CODE">
    <value class="sequence" valueType="text" size="1">
      <value valueType="text" order="0">9</value>
    </value>
  </variableValue>
  <variableValue variable="PHARMACEUTICAL_FORM">
    <value class="sequence" valueType="text" size="1">
      <value valueType="text" order="0">CREAM</value>
    </value>
  </variableValue>
  <variableValue variable="CURRENT_STATUS_FLAG">
    <value class="sequence" valueType="text" size="2">
      <value valueType="text" order="0">Y</value>
      <value valueType="text" order="1">N</value>
    </value>
  </variableValue>
  <variableValue variable="STATUS">
    <value class="sequence" valueType="text" size="2">
      <value valueType="text" order="0">MARKETED (NOTIFIED)</value>
      <value valueType="text" order="1">DIN ASSIGNED</value>
    </value>
  </variableValue>
  <variableValue variable="HISTORY_DATE">
    <value class="sequence" valueType="date" size="2">
      <value valueType="date" order="0">2011-09-15</value>
      <value valueType="date" order="1">2010-04-26</value>
    </value>
  </variableValue>
  <variableValue variable="PRODUCT_INFORMATION">
    <value class="sequence" valueType="text" size="1">
      <value valueType="text" order="0">7/15/30/50/170G</value>
    </value>
  </variableValue>
  <variableValue variable="ROUTE_OF_ADMINISTRATION_CODE">
    <value class="sequence" valueType="text" size="1">
      <value valueType="text" order="0">70</value>
    </value>
  </variableValue>
  <variableValue variable="ROUTE_OF_ADMINISTRATION">
    <value class="sequence" valueType="text" size="1">
      <value valueType="text" order="0">TOPICAL</value>
    </value>
  </variableValue>
  <variableValue variable="SCHEDULE">
    <value class="sequence" valueType="text" size="1">
      <value valueType="text" order="0">OTC</value>
    </value>
  </variableValue>
  <variableValue variable="TC_ATC_NUMBER">
    <value valueType="text">D02BA30</value>
  </variableValue>
  <variableValue variable="TC_ATC">
    <value valueType="text">COMBINATIONS OF PROTECTIVES AGAINST UV-RADIATION</value>
  </variableValue>
  <variableValue variable="TC_AHFS_NUMBER">
    <value class="sequence" valueType="text" size="1">
      <value valueType="text" order="0">84:80.00</value>
    </value>
  </variableValue>
  <variableValue variable="TC_AHFS">
    <value class="sequence" valueType="text" size="1">
      <value valueType="text" order="0">SUNSCREEN AGENTS</value>
    </value>
  </variableValue>
</valueSet>