<valueSet valueTable="Drugs" entityType="Drug" entityIdentifier="02355094">
  <variableValue variable="PRODUCT_CATEGORIZATION">
    <value valueType="text">CAT IV - SUNBURN PROTECTANTS</value>
  </variableValue>
  <variableValue variable="CLASS">
    <value valueType="text">Human</value>
  </variableValue>
  <variableValue variable="DRUG_IDENTIFICATION_NUMBER">
    <value valueType="text">02355094</value>
  </variableValue>
  <variableValue variable="BRAND_NAME">
    <value valueType="text">ANEW SUN SUNSCREEN BODY LOTION</value>
  </variableValue>
  <variableValue variable="PEDIATRIC_FLAG">
    <value valueType="text">N</value>
  </variableValue>
  <variableValue variable="NUMBER_OF_AIS">
    <value valueType="text">5</value>
  </variableValue>
  <variableValue variable="LAST_UPDATE_DATE">
    <value valueType="date">2011-04-28</value>
  </variableValue>
  <variableValue variable="AI_GROUP_NO">
    <value valueType="text">0544758072</value>
  </variableValue>
  <variableValue variable="ACTIVE_INGREDIENT_CODE">
    <value class="sequence" valueType="text" size="5">
      <value valueType="text" order="0">755</value>
      <value valueType="text" order="1">2280</value>
      <value valueType="text" order="2">33</value>
      <value valueType="text" order="3">12048</value>
      <value valueType="text" order="4">1970</value>
    </value>
  </variableValue>
  <variableValue variable="INGREDIENT">
    <value class="sequence" valueType="text" size="5">
      <value valueType="text" order="0">AVOBENZONE</value>
      <value valueType="text" order="1">OCTOCRYLENE</value>
      <value valueType="text" order="2">OXYBENZONE</value>
      <value valueType="text" order="3">OCTISALATE</value>
      <value valueType="text" order="4">HOMOSALATE</value>
    </value>
  </variableValue>
  <variableValue variable="INGREDIENT_SUPPLIED_IND">
    <value class="sequence" valueType="text" size="5">
      <value valueType="text" order="0">I</value>
      <value valueType="text" order="1">I</value>
      <value valueType="text" order="2">I</value>
      <value valueType="text" order="3">I</value>
      <value valueType="text" order="4">I</value>
    </value>
  </variableValue>
  <variableValue variable="STRENGTH">
    <value class="sequence" valueType="text" size="5">
      <value valueType="text" order="0">2.80</value>
      <value valueType="text" order="1">2.50</value>
      <value valueType="text" order="2">4.75</value>
      <value valueType="text" order="3">4.75</value>
      <value valueType="text" order="4">8.00</value>
    </value>
  </variableValue>
  <variableValue variable="STRENGTH_UNIT">
    <value class="sequence" valueType="text" size="5">
      <value valueType="text" order="0">%</value>
      <value valueType="text" order="1">%</value>
      <value valueType="text" order="2">%</value>
      <value valueType="text" order="3">%</value>
      <value valueType="text" order="4">%</value>
    </value>
  </variableValue>
  <variableValue variable="STRENGTH_TYPE">
    <value class="sequence" valueType="text" size="0"/>
  </variableValue>
  <variableValue variable="DOSAGE_VALUE">
    <value class="sequence" valueType="text" size="0"/>
  </variableValue>
  <variableValue variable="BASE">
    <value class="sequence" valueType="text" size="5">
      <value valueType="text" order="0">N</value>
      <value valueType="text" order="1">N</value>
      <value valueType="text" order="2">N</value>
      <value valueType="text" order="3">N</value>
      <value valueType="text" order="4">N</value>
    </value>
  </variableValue>
  <variableValue variable="DOSAGE_UNIT">
    <value class="sequence" valueType="text" size="5">
      <value valueType="text" order="0">W/W</value>
      <value valueType="text" order="1">W/W</value>
      <value valueType="text" order="2">W/W</value>
      <value valueType="text" order="3">W/W</value>
      <value valueType="text" order="4">W/W</value>
    </value>
  </variableValue>
  <variableValue variable="NOTES">
    <value class="sequence" valueType="text" size="0"/>
  </variableValue>
  <variableValue variable="MFR_CODE">
    <value valueType="text">AVO07</value>
  </variableValue>
  <variableValue variable="COMPANY_CODE">
    <value valueType="text">3685</value>
  </variableValue>
  <variableValue variable="COMPANY_NAME">
    <value valueType="text">AVON CANADA INC.</value>
  </variableValue>
  <variableValue variable="COMPANY_TYPE">
    <value valueType="text">DIN OWNER</value>
  </variableValue>
  <variableValue variable="ADDRESS_MAILING_FLAG">
    <value valueType="text">Y</value>
  </variableValue>
  <variableValue variable="ADDRESS_BILLING_FLAG">
    <value valueType="text">Y</value>
  </variableValue>
  <variableValue variable="ADDRESS_NOTIFICATION_FLAG">
    <value valueType="text">N</value>
  </variableValue>
  <variableValue variable="ADDRESS_OTHER">
    <value valueType="text">N</value>
  </variableValue>
  <variableValue variable="STREET_NAME">
    <value valueType="text">5500 TRANS-CANADA HIGHWAY</value>
  </variableValue>
  <variableValue variable="CITY_NAME">
    <value valueType="text">POINTE-CLAIRE</value>
  </variableValue>
  <variableValue variable="PROVINCE">
    <value valueType="text">QUÉBEC</value>
  </variableValue>
  <variableValue variable="COUNTRY">
    <value valueType="text">CANADA</value>
  </variableValue>
  <variableValue variable="POSTAL_CODE">
    <value valueType="text">H9R 1B6</value>
  </variableValue>
  <variableValue variable="PHARM_FORM_CODE">
    <value class="sequence" valueType="text" size="1">
      <value valueType="text" order="0">36</value>
    </value>
  </variableValue>
  <variableValue variable="PHARMACEUTICAL_FORM">
    <value class="sequence" valueType="text" size="1">
      <value valueType="text" order="0">LOTION</value>
    </value>
  </variableValue>
  <variableValue variable="CURRENT_STATUS_FLAG">
    <value class="sequence" valueType="text" size="2">
      <value valueType="text" order="0">Y</value>
      <value valueType="text" order="1">N</value>
    </value>
  </variableValue>
  <variableValue variable="STATUS">
    <value class="sequence" valueType="text" size="2">
      <value valueType="text" order="0">MARKETED (NOTIFIED)</value>
      <value valueType="text" order="1">DIN ASSIGNED</value>
    </value>
  </variableValue>
  <variableValue variable="HISTORY_DATE">
    <value class="sequence" valueType="date" size="2">
      <value valueType="date" order="0">2011-03-30</value>
      <value valueType="date" order="1">2010-07-28</value>
    </value>
  </variableValue>
  <variableValue variable="PRODUCT_INFORMATION">
    <value class="sequence" valueType="text" size="1">
      <value valueType="text" order="0">150ML - 5 FL.OZ.</value>
    </value>
  </variableValue>
  <variableValue variable="ROUTE_OF_ADMINISTRATION_CODE">
    <value class="sequence" valueType="text" size="1">
      <value valueType="text" order="0">70</value>
    </value>
  </variableValue>
  <variableValue variable="ROUTE_OF_ADMINISTRATION">
    <value class="sequence" valueType="text" size="1">
      <value valueType="text" order="0">TOPICAL</value>
    </value>
  </variableValue>
  <variableValue variable="SCHEDULE">
    <value class="sequence" valueType="text" size="1">
      <value valueType="text" order="0">OTC</value>
    </value>
  </variableValue>
  <variableValue variable="TC_ATC_NUMBER">
    <value valueType="text">D02BA30</value>
  </variableValue>
  <variableValue variable="TC_ATC">
    <value valueType="text">COMBINATIONS OF PROTECTIVES AGAINST UV-RADIATION</value>
  </variableValue>
  <variableValue variable="TC_AHFS_NUMBER">
    <value class="sequence" valueType="text" size="1">
      <value valueType="text" order="0">84:80.00</value>
    </value>
  </variableValue>
  <variableValue variable="TC_AHFS">
    <value class="sequence" valueType="text" size="1">
      <value valueType="text" order="0">SUNSCREEN AGENTS</value>
    </value>
  </variableValue>
</valueSet>