<valueSet valueTable="Drugs" entityType="Drug" entityIdentifier="02243966">
  <variableValue variable="PRODUCT_CATEGORIZATION">
    <value valueType="text">CAT IV - MEDICATED SKIN CARE PRODUCTS</value>
  </variableValue>
  <variableValue variable="CLASS">
    <value valueType="text">Human</value>
  </variableValue>
  <variableValue variable="DRUG_IDENTIFICATION_NUMBER">
    <value valueType="text">02243966</value>
  </variableValue>
  <variableValue variable="BRAND_NAME">
    <value valueType="text">BAZA CLEANSE &amp; PROTECT</value>
  </variableValue>
  <variableValue variable="PEDIATRIC_FLAG">
    <value valueType="text">N</value>
  </variableValue>
  <variableValue variable="NUMBER_OF_AIS">
    <value valueType="text">1</value>
  </variableValue>
  <variableValue variable="LAST_UPDATE_DATE">
    <value valueType="date">2009-06-23</value>
  </variableValue>
  <variableValue variable="AI_GROUP_NO">
    <value valueType="text">0106827016</value>
  </variableValue>
  <variableValue variable="ACTIVE_INGREDIENT_CODE">
    <value class="sequence" valueType="text" size="1">
      <value valueType="text" order="0">433</value>
    </value>
  </variableValue>
  <variableValue variable="INGREDIENT">
    <value class="sequence" valueType="text" size="1">
      <value valueType="text" order="0">DIMETHICONE</value>
    </value>
  </variableValue>
  <variableValue variable="INGREDIENT_SUPPLIED_IND">
    <value class="sequence" valueType="text" size="1">
      <value valueType="text" order="0">I</value>
    </value>
  </variableValue>
  <variableValue variable="STRENGTH">
    <value class="sequence" valueType="text" size="1">
      <value valueType="text" order="0">2</value>
    </value>
  </variableValue>
  <variableValue variable="STRENGTH_UNIT">
    <value class="sequence" valueType="text" size="1">
      <value valueType="text" order="0">%</value>
    </value>
  </variableValue>
  <variableValue variable="BASE">
    <value class="sequence" valueType="text" size="1">
      <value valueType="text" order="0">N</value>
    </value>
  </variableValue>
  <variableValue variable="DOSAGE_UNIT">
    <value class="sequence" valueType="text" size="1">
      <value valueType="text" order="0">W/W</value>
    </value>
  </variableValue>
  <variableValue variable="COMPANY_CODE">
    <value valueType="text">13677</value>
  </variableValue>
  <variableValue variable="COMPANY_NAME">
    <value valueType="text">COLOPLAST A/S</value>
  </variableValue>
  <variableValue variable="COMPANY_TYPE">
    <value valueType="text">DIN OWNER</value>
  </variableValue>
  <variableValue variable="ADDRESS_MAILING_FLAG">
    <value valueType="text">Y</value>
  </variableValue>
  <variableValue variable="ADDRESS_BILLING_FLAG">
    <value valueType="text">N</value>
  </variableValue>
  <variableValue variable="ADDRESS_NOTIFICATION_FLAG">
    <value valueType="text">N</value>
  </variableValue>
  <variableValue variable="STREET_NAME">
    <value valueType="text">HOLTEDAM 1</value>
  </variableValue>
  <variableValue variable="CITY_NAME">
    <value valueType="text">HUMLEBAEK</value>
  </variableValue>
  <variableValue variable="PROVINCE">
    <value valueType="text">.</value>
  </variableValue>
  <variableValue variable="COUNTRY">
    <value valueType="text">DENMARK</value>
  </variableValue>
  <variableValue variable="POSTAL_CODE">
    <value valueType="text">3050</value>
  </variableValue>
  <variableValue variable="PHARM_FORM_CODE">
    <value class="sequence" valueType="text" size="1">
      <value valueType="text" order="0">36</value>
    </value>
  </variableValue>
  <variableValue variable="PHARMACEUTICAL_FORM">
    <value class="sequence" valueType="text" size="1">
      <value valueType="text" order="0">LOTION</value>
    </value>
  </variableValue>
  <variableValue variable="CURRENT_STATUS_FLAG">
    <value class="sequence" valueType="text" size="4">
      <value valueType="text" order="0">Y</value>
      <value valueType="text" order="1">N</value>
      <value valueType="text" order="2">N</value>
      <value valueType="text" order="3">N</value>
    </value>
  </variableValue>
  <variableValue variable="STATUS">
    <value class="sequence" valueType="text" size="4">
      <value valueType="text" order="0">MARKETED (NOTIFIED)</value>
      <value valueType="text" order="1">ADMINISTRATIVE CHANGE</value>
      <value valueType="text" order="2">MARKETED (NOTIFIED)</value>
      <value valueType="text" order="3">DIN ASSIGNED</value>
    </value>
  </variableValue>
  <variableValue variable="HISTORY_DATE">
    <value class="sequence" valueType="date" size="4">
      <value valueType="date" order="0">2009-06-18</value>
      <value valueType="date" order="1">2009-04-20</value>
      <value valueType="date" order="2">2002-06-01</value>
      <value valueType="date" order="3">2001-05-14</value>
    </value>
  </variableValue>
  <variableValue variable="PRODUCT_INFORMATION">
    <value class="sequence" valueType="text" size="1">
      <value valueType="text" order="0">240ML/4GM</value>
    </value>
  </variableValue>
  <variableValue variable="ROUTE_OF_ADMINISTRATION_CODE">
    <value class="sequence" valueType="text" size="1">
      <value valueType="text" order="0">70</value>
    </value>
  </variableValue>
  <variableValue variable="ROUTE_OF_ADMINISTRATION">
    <value class="sequence" valueType="text" size="1">
      <value valueType="text" order="0">TOPICAL</value>
    </value>
  </variableValue>
  <variableValue variable="SCHEDULE">
    <value class="sequence" valueType="text" size="1">
      <value valueType="text" order="0">OTC</value>
    </value>
  </variableValue>
  <variableValue variable="TC_ATC_NUMBER">
    <value valueType="text">D02AA</value>
  </variableValue>
  <variableValue variable="TC_ATC">
    <value valueType="text">SILICONE PRODUCTS</value>
  </variableValue>
  <variableValue variable="TC_AHFS_NUMBER">
    <value class="sequence" valueType="text" size="1">
      <value valueType="text" order="0">84:24.12</value>
    </value>
  </variableValue>
  <variableValue variable="TC_AHFS">
    <value class="sequence" valueType="text" size="1">
      <value valueType="text" order="0">BASIC OINTMENTS AND PROTECTANTS</value>
    </value>
  </variableValue>
</valueSet>