<valueSet valueTable="Drugs" entityType="Drug" entityIdentifier="02231594">
  <variableValue variable="PRODUCT_CATEGORIZATION">
    <value valueType="text">CAT IV - ANTISEPTIC SKIN CLEANSERS</value>
  </variableValue>
  <variableValue variable="CLASS">
    <value valueType="text">Human</value>
  </variableValue>
  <variableValue variable="DRUG_IDENTIFICATION_NUMBER">
    <value valueType="text">02231594</value>
  </variableValue>
  <variableValue variable="BRAND_NAME">
    <value valueType="text">HYGENIPAK INSTAFOAM ANTI-MICROBIAL FOAMING SKIN CLEANSER</value>
  </variableValue>
  <variableValue variable="PEDIATRIC_FLAG">
    <value valueType="text">N</value>
  </variableValue>
  <variableValue variable="NUMBER_OF_AIS">
    <value valueType="text">1</value>
  </variableValue>
  <variableValue variable="LAST_UPDATE_DATE">
    <value valueType="date">2012-07-18</value>
  </variableValue>
  <variableValue variable="AI_GROUP_NO">
    <value valueType="text">0108865003</value>
  </variableValue>
  <variableValue variable="ACTIVE_INGREDIENT_CODE">
    <value class="sequence" valueType="text" size="1">
      <value valueType="text" order="0">2813</value>
    </value>
  </variableValue>
  <variableValue variable="INGREDIENT">
    <value class="sequence" valueType="text" size="1">
      <value valueType="text" order="0">TRICLOSAN</value>
    </value>
  </variableValue>
  <variableValue variable="INGREDIENT_SUPPLIED_IND">
    <value class="sequence" valueType="text" size="1">
      <value valueType="text" order="0">I</value>
    </value>
  </variableValue>
  <variableValue variable="STRENGTH">
    <value class="sequence" valueType="text" size="1">
      <value valueType="text" order="0">0.32</value>
    </value>
  </variableValue>
  <variableValue variable="STRENGTH_UNIT">
    <value class="sequence" valueType="text" size="1">
      <value valueType="text" order="0">%</value>
    </value>
  </variableValue>
  <variableValue variable="BASE">
    <value class="sequence" valueType="text" size="1">
      <value valueType="text" order="0">N</value>
    </value>
  </variableValue>
  <variableValue variable="DOSAGE_UNIT">
    <value class="sequence" valueType="text" size="1">
      <value valueType="text" order="0">%</value>
    </value>
  </variableValue>
  <variableValue variable="NOTES">
    <value class="sequence" valueType="text" size="1">
      <value valueType="text" order="0">ALSO CALLED 244&apos;-TRICHLORO-2&apos;-HYDROXY-DIPHENYL-ETHER</value>
    </value>
  </variableValue>
  <variableValue variable="MFR_CODE">
    <value valueType="text">DEZ08</value>
  </variableValue>
  <variableValue variable="COMPANY_CODE">
    <value valueType="text">4032</value>
  </variableValue>
  <variableValue variable="COMPANY_NAME">
    <value valueType="text">DEB CANADA</value>
  </variableValue>
  <variableValue variable="COMPANY_TYPE">
    <value valueType="text">DIN OWNER</value>
  </variableValue>
  <variableValue variable="ADDRESS_MAILING_FLAG">
    <value valueType="text">Y</value>
  </variableValue>
  <variableValue variable="ADDRESS_BILLING_FLAG">
    <value valueType="text">Y</value>
  </variableValue>
  <variableValue variable="ADDRESS_NOTIFICATION_FLAG">
    <value valueType="text">Y</value>
  </variableValue>
  <variableValue variable="ADDRESS_OTHER">
    <value valueType="text">N</value>
  </variableValue>
  <variableValue variable="STREET_NAME">
    <value valueType="text">42 THOMPSON ROAD WEST</value>
  </variableValue>
  <variableValue variable="CITY_NAME">
    <value valueType="text">WATERFORD</value>
  </variableValue>
  <variableValue variable="PROVINCE">
    <value valueType="text">ONTARIO</value>
  </variableValue>
  <variableValue variable="COUNTRY">
    <value valueType="text">CANADA</value>
  </variableValue>
  <variableValue variable="POSTAL_CODE">
    <value valueType="text">N0E 1Y0</value>
  </variableValue>
  <variableValue variable="POST_OFFICE_BOX">
    <value valueType="text">730</value>
  </variableValue>
  <variableValue variable="PHARM_FORM_CODE">
    <value class="sequence" valueType="text" size="1">
      <value valueType="text" order="0">34</value>
    </value>
  </variableValue>
  <variableValue variable="PHARMACEUTICAL_FORM">
    <value class="sequence" valueType="text" size="1">
      <value valueType="text" order="0">LIQUID</value>
    </value>
  </variableValue>
  <variableValue variable="CURRENT_STATUS_FLAG">
    <value class="sequence" valueType="text" size="2">
      <value valueType="text" order="0">Y</value>
      <value valueType="text" order="1">N</value>
    </value>
  </variableValue>
  <variableValue variable="STATUS">
    <value class="sequence" valueType="text" size="2">
      <value valueType="text" order="0">MARKETED (NOTIFIED)</value>
      <value valueType="text" order="1">DIN ASSIGNED</value>
    </value>
  </variableValue>
  <variableValue variable="HISTORY_DATE">
    <value class="sequence" valueType="date" size="2">
      <value valueType="date" order="0">1998-08-26</value>
      <value valueType="date" order="1">1997-06-19</value>
    </value>
  </variableValue>
  <variableValue variable="PACKAGE_SIZE_UNIT">
    <value class="sequence" valueType="text" size="1">
      <value valueType="text" order="0">L</value>
    </value>
  </variableValue>
  <variableValue variable="PACKAGE_TYPE">
    <value class="sequence" valueType="text" size="1">
      <value valueType="text" order="0">CARTRIDGE</value>
    </value>
  </variableValue>
  <variableValue variable="PACKAGE_SIZE">
    <value class="sequence" valueType="text" size="1">
      <value valueType="text" order="0">1</value>
    </value>
  </variableValue>
  <variableValue variable="PRODUCT_INFORMATION">
    <value class="sequence" valueType="text" size="1">
      <value valueType="text" order="0">FRAGRANCED, 11PPM FD &amp; C YELLOW #10 DYE</value>
    </value>
  </variableValue>
  <variableValue variable="PHARMACEUTICAL_STD">
    <value class="sequence" valueType="text" size="1">
      <value valueType="text" order="0">MFR</value>
    </value>
  </variableValue>
  <variableValue variable="ROUTE_OF_ADMINISTRATION_CODE">
    <value class="sequence" valueType="text" size="1">
      <value valueType="text" order="0">70</value>
    </value>
  </variableValue>
  <variableValue variable="ROUTE_OF_ADMINISTRATION">
    <value class="sequence" valueType="text" size="1">
      <value valueType="text" order="0">TOPICAL</value>
    </value>
  </variableValue>
  <variableValue variable="SCHEDULE">
    <value class="sequence" valueType="text" size="1">
      <value valueType="text" order="0">OTC</value>
    </value>
  </variableValue>
  <variableValue variable="TC_ATC_NUMBER">
    <value valueType="text">D08AE04</value>
  </variableValue>
  <variableValue variable="TC_ATC">
    <value valueType="text">TRICLOSAN</value>
  </variableValue>
  <variableValue variable="TC_AHFS_NUMBER">
    <value class="sequence" valueType="text" size="1">
      <value valueType="text" order="0">84:04.92</value>
    </value>
  </variableValue>
  <variableValue variable="TC_AHFS">
    <value class="sequence" valueType="text" size="1">
      <value valueType="text" order="0">MISCELLANEOUS LOCAL ANTI-INFECTIVES</value>
    </value>
  </variableValue>
</valueSet>