<valueSet valueTable="Drugs" entityType="Drug" entityIdentifier="02360713">
  <variableValue variable="PRODUCT_CATEGORIZATION">
    <value valueType="text">CAT IV - SUNBURN PROTECTANTS</value>
  </variableValue>
  <variableValue variable="CLASS">
    <value valueType="text">Human</value>
  </variableValue>
  <variableValue variable="DRUG_IDENTIFICATION_NUMBER">
    <value valueType="text">02360713</value>
  </variableValue>
  <variableValue variable="BRAND_NAME">
    <value valueType="text">CAPTURE TOTALE FOND DE TEINT CONCENTRÉ RÉGÉNÉRATEUR D&apos;ÉCLAT</value>
  </variableValue>
  <variableValue variable="PEDIATRIC_FLAG">
    <value valueType="text">N</value>
  </variableValue>
  <variableValue variable="NUMBER_OF_AIS">
    <value valueType="text">2</value>
  </variableValue>
  <variableValue variable="LAST_UPDATE_DATE">
    <value valueType="date">2012-02-07</value>
  </variableValue>
  <variableValue variable="AI_GROUP_NO">
    <value valueType="text">0216790021</value>
  </variableValue>
  <variableValue variable="ACTIVE_INGREDIENT_CODE">
    <value class="sequence" valueType="text" size="2">
      <value valueType="text" order="0">727</value>
      <value valueType="text" order="1">12049</value>
    </value>
  </variableValue>
  <variableValue variable="INGREDIENT">
    <value class="sequence" valueType="text" size="2">
      <value valueType="text" order="0">TITANIUM DIOXIDE</value>
      <value valueType="text" order="1">OCTINOXATE</value>
    </value>
  </variableValue>
  <variableValue variable="INGREDIENT_SUPPLIED_IND">
    <value class="sequence" valueType="text" size="2">
      <value valueType="text" order="0">I</value>
      <value valueType="text" order="1">I</value>
    </value>
  </variableValue>
  <variableValue variable="STRENGTH">
    <value class="sequence" valueType="text" size="2">
      <value valueType="text" order="0">3.16</value>
      <value valueType="text" order="1">3.00</value>
    </value>
  </variableValue>
  <variableValue variable="STRENGTH_UNIT">
    <value class="sequence" valueType="text" size="2">
      <value valueType="text" order="0">%</value>
      <value valueType="text" order="1">%</value>
    </value>
  </variableValue>
  <variableValue variable="STRENGTH_TYPE">
    <value class="sequence" valueType="text" size="0"/>
  </variableValue>
  <variableValue variable="DOSAGE_VALUE">
    <value class="sequence" valueType="text" size="0"/>
  </variableValue>
  <variableValue variable="BASE">
    <value class="sequence" valueType="text" size="2">
      <value valueType="text" order="0">N</value>
      <value valueType="text" order="1">N</value>
    </value>
  </variableValue>
  <variableValue variable="DOSAGE_UNIT">
    <value class="sequence" valueType="text" size="2">
      <value valueType="text" order="0">W/W</value>
      <value valueType="text" order="1">W/W</value>
    </value>
  </variableValue>
  <variableValue variable="NOTES">
    <value class="sequence" valueType="text" size="0"/>
  </variableValue>
  <variableValue variable="MFR_CODE">
    <value valueType="text">CSN50</value>
  </variableValue>
  <variableValue variable="COMPANY_CODE">
    <value valueType="text">3968</value>
  </variableValue>
  <variableValue variable="COMPANY_NAME">
    <value valueType="text">PARFUMS CHRISTIAN DIOR</value>
  </variableValue>
  <variableValue variable="COMPANY_TYPE">
    <value valueType="text">DIN OWNER</value>
  </variableValue>
  <variableValue variable="ADDRESS_MAILING_FLAG">
    <value valueType="text">Y</value>
  </variableValue>
  <variableValue variable="ADDRESS_BILLING_FLAG">
    <value valueType="text">N</value>
  </variableValue>
  <variableValue variable="ADDRESS_NOTIFICATION_FLAG">
    <value valueType="text">N</value>
  </variableValue>
  <variableValue variable="ADDRESS_OTHER">
    <value valueType="text">N</value>
  </variableValue>
  <variableValue variable="STREET_NAME">
    <value valueType="text">33 AVENUE HOCHE</value>
  </variableValue>
  <variableValue variable="CITY_NAME">
    <value valueType="text">PARIS</value>
  </variableValue>
  <variableValue variable="PROVINCE">
    <value valueType="text">.</value>
  </variableValue>
  <variableValue variable="COUNTRY">
    <value valueType="text">FRANCE</value>
  </variableValue>
  <variableValue variable="POSTAL_CODE">
    <value valueType="text">75008</value>
  </variableValue>
  <variableValue variable="PHARM_FORM_CODE">
    <value class="sequence" valueType="text" size="1">
      <value valueType="text" order="0">19</value>
    </value>
  </variableValue>
  <variableValue variable="PHARMACEUTICAL_FORM">
    <value class="sequence" valueType="text" size="1">
      <value valueType="text" order="0">EMULSION</value>
    </value>
  </variableValue>
  <variableValue variable="CURRENT_STATUS_FLAG">
    <value class="sequence" valueType="text" size="2">
      <value valueType="text" order="0">Y</value>
      <value valueType="text" order="1">N</value>
    </value>
  </variableValue>
  <variableValue variable="STATUS">
    <value class="sequence" valueType="text" size="2">
      <value valueType="text" order="0">MARKETED (NOTIFIED)</value>
      <value valueType="text" order="1">DIN ASSIGNED</value>
    </value>
  </variableValue>
  <variableValue variable="HISTORY_DATE">
    <value class="sequence" valueType="date" size="2">
      <value valueType="date" order="0">2012-01-05</value>
      <value valueType="date" order="1">2010-12-13</value>
    </value>
  </variableValue>
  <variableValue variable="PRODUCT_INFORMATION">
    <value class="sequence" valueType="text" size="1">
      <value valueType="text" order="0">20/30ML</value>
    </value>
  </variableValue>
  <variableValue variable="PHARMACEUTICAL_STD">
    <value class="sequence" valueType="text" size="1">
      <value valueType="text" order="0">MFR</value>
    </value>
  </variableValue>
  <variableValue variable="ROUTE_OF_ADMINISTRATION_CODE">
    <value class="sequence" valueType="text" size="1">
      <value valueType="text" order="0">70</value>
    </value>
  </variableValue>
  <variableValue variable="ROUTE_OF_ADMINISTRATION">
    <value class="sequence" valueType="text" size="1">
      <value valueType="text" order="0">TOPICAL</value>
    </value>
  </variableValue>
  <variableValue variable="SCHEDULE">
    <value class="sequence" valueType="text" size="1">
      <value valueType="text" order="0">OTC</value>
    </value>
  </variableValue>
  <variableValue variable="TC_ATC_NUMBER">
    <value valueType="text">D02BA30</value>
  </variableValue>
  <variableValue variable="TC_ATC">
    <value valueType="text">COMBINATIONS OF PROTECTIVES AGAINST UV-RADIATION</value>
  </variableValue>
  <variableValue variable="TC_AHFS_NUMBER">
    <value class="sequence" valueType="text" size="1">
      <value valueType="text" order="0">84:80.00</value>
    </value>
  </variableValue>
  <variableValue variable="TC_AHFS">
    <value class="sequence" valueType="text" size="1">
      <value valueType="text" order="0">SUNSCREEN AGENTS</value>
    </value>
  </variableValue>
</valueSet>