<valueSet valueTable="Drugs" entityType="Drug" entityIdentifier="02242847">
  <variableValue variable="PRODUCT_CATEGORIZATION">
    <value valueType="text">CAT IV - ANTISEPTIC SKIN CLEANSERS</value>
  </variableValue>
  <variableValue variable="CLASS">
    <value valueType="text">Human</value>
  </variableValue>
  <variableValue variable="DRUG_IDENTIFICATION_NUMBER">
    <value valueType="text">02242847</value>
  </variableValue>
  <variableValue variable="BRAND_NAME">
    <value valueType="text">DIGICLEAN E FOAM HAND SOAP</value>
  </variableValue>
  <variableValue variable="PEDIATRIC_FLAG">
    <value valueType="text">N</value>
  </variableValue>
  <variableValue variable="NUMBER_OF_AIS">
    <value valueType="text">1</value>
  </variableValue>
  <variableValue variable="LAST_UPDATE_DATE">
    <value valueType="date">2006-07-25</value>
  </variableValue>
  <variableValue variable="AI_GROUP_NO">
    <value valueType="text">0106942005</value>
  </variableValue>
  <variableValue variable="ACTIVE_INGREDIENT_CODE">
    <value class="sequence" valueType="text" size="1">
      <value valueType="text" order="0">774</value>
    </value>
  </variableValue>
  <variableValue variable="INGREDIENT">
    <value class="sequence" valueType="text" size="1">
      <value valueType="text" order="0">CHLOROXYLENOL</value>
    </value>
  </variableValue>
  <variableValue variable="INGREDIENT_SUPPLIED_IND">
    <value class="sequence" valueType="text" size="1">
      <value valueType="text" order="0">I</value>
    </value>
  </variableValue>
  <variableValue variable="STRENGTH">
    <value class="sequence" valueType="text" size="1">
      <value valueType="text" order="0">1</value>
    </value>
  </variableValue>
  <variableValue variable="STRENGTH_UNIT">
    <value class="sequence" valueType="text" size="1">
      <value valueType="text" order="0">%</value>
    </value>
  </variableValue>
  <variableValue variable="BASE">
    <value class="sequence" valueType="text" size="1">
      <value valueType="text" order="0">N</value>
    </value>
  </variableValue>
  <variableValue variable="MFR_CODE">
    <value valueType="text">ECO08</value>
  </variableValue>
  <variableValue variable="COMPANY_CODE">
    <value valueType="text">4114</value>
  </variableValue>
  <variableValue variable="COMPANY_NAME">
    <value valueType="text">ECOLAB CO.</value>
  </variableValue>
  <variableValue variable="COMPANY_TYPE">
    <value valueType="text">DIN OWNER</value>
  </variableValue>
  <variableValue variable="ADDRESS_MAILING_FLAG">
    <value valueType="text">Y</value>
  </variableValue>
  <variableValue variable="ADDRESS_BILLING_FLAG">
    <value valueType="text">N</value>
  </variableValue>
  <variableValue variable="ADDRESS_NOTIFICATION_FLAG">
    <value valueType="text">N</value>
  </variableValue>
  <variableValue variable="ADDRESS_OTHER">
    <value valueType="text">N</value>
  </variableValue>
  <variableValue variable="STREET_NAME">
    <value valueType="text">5105 TOMKEN ROAD</value>
  </variableValue>
  <variableValue variable="CITY_NAME">
    <value valueType="text">MISSISSAUGA</value>
  </variableValue>
  <variableValue variable="PROVINCE">
    <value valueType="text">ONTARIO</value>
  </variableValue>
  <variableValue variable="COUNTRY">
    <value valueType="text">CANADA</value>
  </variableValue>
  <variableValue variable="POSTAL_CODE">
    <value valueType="text">L4W 2X5</value>
  </variableValue>
  <variableValue variable="PHARM_FORM_CODE">
    <value class="sequence" valueType="text" size="1">
      <value valueType="text" order="0">34</value>
    </value>
  </variableValue>
  <variableValue variable="PHARMACEUTICAL_FORM">
    <value class="sequence" valueType="text" size="1">
      <value valueType="text" order="0">LIQUID</value>
    </value>
  </variableValue>
  <variableValue variable="CURRENT_STATUS_FLAG">
    <value class="sequence" valueType="text" size="3">
      <value valueType="text" order="0">Y</value>
      <value valueType="text" order="1">N</value>
      <value valueType="text" order="2">N</value>
    </value>
  </variableValue>
  <variableValue variable="STATUS">
    <value class="sequence" valueType="text" size="3">
      <value valueType="text" order="0">MARKETED (NOTIFIED)</value>
      <value valueType="text" order="1">ADMINISTRATIVE CHANGE</value>
      <value valueType="text" order="2">DIN ASSIGNED</value>
    </value>
  </variableValue>
  <variableValue variable="HISTORY_DATE">
    <value class="sequence" valueType="date" size="3">
      <value valueType="date" order="0">2001-03-01</value>
      <value valueType="date" order="1">2000-12-12</value>
      <value valueType="date" order="2">2000-09-01</value>
    </value>
  </variableValue>
  <variableValue variable="PRODUCT_INFORMATION">
    <value class="sequence" valueType="text" size="1">
      <value valueType="text" order="0">750 ML</value>
    </value>
  </variableValue>
  <variableValue variable="ROUTE_OF_ADMINISTRATION_CODE">
    <value class="sequence" valueType="text" size="1">
      <value valueType="text" order="0">70</value>
    </value>
  </variableValue>
  <variableValue variable="ROUTE_OF_ADMINISTRATION">
    <value class="sequence" valueType="text" size="1">
      <value valueType="text" order="0">TOPICAL</value>
    </value>
  </variableValue>
  <variableValue variable="SCHEDULE">
    <value class="sequence" valueType="text" size="1">
      <value valueType="text" order="0">OTC</value>
    </value>
  </variableValue>
  <variableValue variable="TC_ATC_NUMBER">
    <value valueType="text">D08AE05</value>
  </variableValue>
  <variableValue variable="TC_ATC">
    <value valueType="text">CHLOROXYLENOL</value>
  </variableValue>
  <variableValue variable="TC_AHFS_NUMBER">
    <value class="sequence" valueType="text" size="1">
      <value valueType="text" order="0">84:04.92</value>
    </value>
  </variableValue>
  <variableValue variable="TC_AHFS">
    <value class="sequence" valueType="text" size="1">
      <value valueType="text" order="0">MISCELLANEOUS LOCAL ANTI-INFECTIVES</value>
    </value>
  </variableValue>
</valueSet>